{"cameraMode":{"drawMode":0,"name":"Shaded","section":"Shading Mode"},"sceneLighting":true,"audioPlay":false,"sceneViewState":{"showFog":true,"showMaterialUpdate":true,"showSkybox":true,"showFlares":true,"showImageEffects":true,"showParticleSystems":true},"in2DMode":false,"pivot":{"x":-5.011923313140869,"y":-15.27699089050293,"z":-20.622020721435548},"rotation":{"x":-0.045279912650585178,"y":0.9397717118263245,"z":-0.30966800451278689,"w":-0.13742157816886903},"size":128.99612426757813,"orthographic":false}