{"cameraMode":{"drawMode":0,"name":"Shaded","section":"Shading Mode"},"sceneLighting":true,"audioPlay":false,"sceneViewState":{"showFog":true,"showMaterialUpdate":false,"showSkybox":true,"showFlares":true,"showImageEffects":true,"showParticleSystems":true},"in2DMode":false,"pivot":{"x":0.05710649490356445,"y":0.1560077667236328,"z":-0.16476202011108399},"rotation":{"x":-0.08543039113283158,"y":0.901332437992096,"z":-0.20801004767417909,"w":-0.37018007040023806},"size":14.418436050415039,"orthographic":false}