{"cameraMode":{"drawMode":0,"name":"Shaded","section":"Shading Mode"},"sceneLighting":true,"audioPlay":false,"sceneViewState":{"showFog":false,"showMaterialUpdate":false,"showSkybox":false,"showFlares":false,"showImageEffects":false,"showParticleSystems":true},"in2DMode":false,"pivot":{"x":-2.6521854400634767,"y":3.6341514587402345,"z":1.680924892425537},"rotation":{"x":0.1037006825208664,"y":0.855708122253418,"z":-0.18856742978096009,"w":0.47058701515197756},"size":8.676669120788575,"orthographic":false}