{"cameraMode":{"drawMode":0,"name":"Shaded","section":"Shading Mode"},"sceneLighting":true,"audioPlay":false,"sceneViewState":{"showFog":true,"showMaterialUpdate":false,"showSkybox":true,"showFlares":true,"showImageEffects":true,"showParticleSystems":true},"in2DMode":false,"pivot":{"x":0.9649538993835449,"y":1.5209026336669922,"z":0.617495059967041},"rotation":{"x":-0.11351756751537323,"y":0.8643275499343872,"z":-0.2255944013595581,"w":-0.43492406606674197},"size":9.424560546875,"orthographic":false}