{"cameraMode":{"drawMode":0,"name":"Shaded","section":"Shading Mode"},"sceneLighting":true,"audioPlay":false,"sceneViewState":{"showFog":true,"showMaterialUpdate":false,"showSkybox":true,"showFlares":true,"showImageEffects":true,"showParticleSystems":true},"in2DMode":false,"pivot":{"x":-2.4752695560455324,"y":8.867692947387696,"z":1.359945297241211},"rotation":{"x":0.016185419633984567,"y":0.0005961849237792194,"z":0.000008024203452805523,"w":-0.9998688697814941},"size":22.0,"orthographic":false}